ENSG00000186891	TNFRSF18	Gene Expression
ENSG00000186827	TNFRSF4	Gene Expression
ENSG00000169885	CALML6	Gene Expression
ENSG00000197921	HES5	Gene Expression
ENSG00000157873	TNFRSF14	Gene Expression
ENSG00000116251	RPL22	Gene Expression
ENSG00000116285	ERRFI1	Gene Expression
ENSG00000171608	PIK3CD	Gene Expression
ENSG00000130940	CASZ1	Gene Expression
ENSG00000198793	MTOR	Gene Expression
ENSG00000116670	MAD2L2	Gene Expression
ENSG00000132906	CASP9	Gene Expression
ENSG00000065526	SPEN	Gene Expression
ENSG00000142627	EPHA2	Gene Expression
ENSG00000117118	SDHB	Gene Expression
ENSG00000009709	PAX7	Gene Expression
ENSG00000188257	PLA2G2A	Gene Expression
ENSG00000127472	PLA2G5	Gene Expression
ENSG00000127483	HP1BP3	Gene Expression
ENSG00000162552	WNT4	Gene Expression
ENSG00000117318	ID3	Gene Expression
ENSG00000142677	IL22RA1	Gene Expression
ENSG00000162430	SELENON	Gene Expression
ENSG00000117632	STMN1	Gene Expression
ENSG00000117713	ARID1A	Gene Expression
ENSG00000175793	SFN	Gene Expression
ENSG00000182866	LCK	Gene Expression
ENSG00000116478	HDAC1	Gene Expression
ENSG00000175130	MARCKSL1	Gene Expression
ENSG00000054118	THRAP3	Gene Expression
ENSG00000196182	STK40	Gene Expression
ENSG00000119535	CSF3R	Gene Expression
ENSG00000163874	ZC3H12A	Gene Expression
ENSG00000127603	MACF1	Gene Expression
ENSG00000183682	BMP8A	Gene Expression
ENSG00000116990	MYCL	Gene Expression
ENSG00000117400	MPL	Gene Expression
ENSG00000132781	MUTYH	Gene Expression
ENSG00000132780	NASP	Gene Expression
ENSG00000117461	PIK3R3	Gene Expression
ENSG00000085999	RAD54L	Gene Expression
ENSG00000123080	CDKN2C	Gene Expression
ENSG00000134717	BTF3L4	Gene Expression
ENSG00000134748	PRPF38A	Gene Expression
ENSG00000162409	PRKAA2	Gene Expression
ENSG00000177606	JUN	Gene Expression
ENSG00000162434	JAK1	Gene Expression
ENSG00000116678	LEPR	Gene Expression
ENSG00000162594	IL23R	Gene Expression
ENSG00000081985	IL12RB2	Gene Expression
ENSG00000116717	GADD45A	Gene Expression
ENSG00000172380	GNG12	Gene Expression
ENSG00000172260	NEGR1	Gene Expression
ENSG00000162613	FUBP1	Gene Expression
ENSG00000142875	PRKACB	Gene Expression
ENSG00000117151	CTBS	Gene Expression
ENSG00000142867	BCL10	Gene Expression
ENSG00000171502	COL24A1	Gene Expression
ENSG00000097046	CDC7	Gene Expression
ENSG00000122406	RPL5	Gene Expression
ENSG00000117569	PTBP2	Gene Expression
ENSG00000188641	DPYD	Gene Expression
ENSG00000079335	CDC14A	Gene Expression
ENSG00000060718	COL11A1	Gene Expression
ENSG00000121957	GPSM2	Gene Expression
ENSG00000134245	WNT2B	Gene Expression
ENSG00000213281	NRAS	Gene Expression
ENSG00000009307	CSDE1	Gene Expression
ENSG00000134259	NGF	Gene Expression
ENSG00000134258	VTCN1	Gene Expression
ENSG00000183508	TENT5C	Gene Expression
ENSG00000203857	HSD3B1	Gene Expression
ENSG00000134250	NOTCH2	Gene Expression
ENSG00000265972	TXNIP	Gene Expression
ENSG00000183598	HIST2H3D	Gene Expression
ENSG00000143384	MCL1	Gene Expression
ENSG00000159445	THEM4	Gene Expression
ENSG00000163191	S100A11	Gene Expression
ENSG00000143578	CREB3L4	Gene Expression
ENSG00000160712	IL6R	Gene Expression
ENSG00000160691	SHC1	Gene Expression
ENSG00000160685	ZBTB7B	Gene Expression
ENSG00000143590	EFNA3	Gene Expression
ENSG00000169242	EFNA1	Gene Expression
ENSG00000143622	RIT1	Gene Expression
ENSG00000254726	MEX3A	Gene Expression
ENSG00000198400	NTRK1	Gene Expression
ENSG00000163554	SPTA1	Gene Expression
ENSG00000143252	SDHC	Gene Expression
ENSG00000143226	FCGR2A	Gene Expression
ENSG00000173110	HSPA6	Gene Expression
ENSG00000162733	DDR2	Gene Expression
ENSG00000185630	PBX1	Gene Expression
ENSG00000143171	RXRG	Gene Expression
ENSG00000117560	FASLG	Gene Expression
ENSG00000117586	TNFSF4	Gene Expression
ENSG00000120332	TNN	Gene Expression
ENSG00000116147	TNR	Gene Expression
ENSG00000143207	COP1	Gene Expression
ENSG00000143322	ABL2	Gene Expression
ENSG00000153029	MR1	Gene Expression
ENSG00000198216	CACNA1E	Gene Expression
ENSG00000135829	DHX9	Gene Expression
ENSG00000058085	LAMC2	Gene Expression
ENSG00000116711	PLA2G4A	Gene Expression
ENSG00000134371	CDC73	Gene Expression
ENSG00000081237	PTPRC	Gene Expression
ENSG00000163435	ELF3	Gene Expression
ENSG00000077152	UBE2T	Gene Expression
ENSG00000159388	BTG2	Gene Expression
ENSG00000133056	PIK3C2B	Gene Expression
ENSG00000198625	MDM4	Gene Expression
ENSG00000158715	SLC45A3	Gene Expression
ENSG00000263528	IKBKE	Gene Expression
ENSG00000136634	IL10	Gene Expression
ENSG00000142224	IL19	Gene Expression
ENSG00000162892	IL24	Gene Expression
ENSG00000196878	LAMB3	Gene Expression
ENSG00000117595	IRF6	Gene Expression
ENSG00000092969	TGFB2	Gene Expression
ENSG00000143507	DUSP10	Gene Expression
ENSG00000162909	CAPN2	Gene Expression
ENSG00000243709	LEFTY1	Gene Expression
ENSG00000143768	LEFTY2	Gene Expression
ENSG00000163041	H3F3A	Gene Expression
ENSG00000143799	PARP1	Gene Expression
ENSG00000168148	HIST3H3	Gene Expression
ENSG00000069248	NUP133	Gene Expression
ENSG00000168243	GNG4	Gene Expression
ENSG00000091483	FH	Gene Expression
ENSG00000117020	AKT3	Gene Expression
ENSG00000115705	TPO	Gene Expression
ENSG00000176887	SOX11	Gene Expression
ENSG00000115738	ID2	Gene Expression
ENSG00000233718	MYCNOS	Gene Expression
ENSG00000134323	MYCN	Gene Expression
ENSG00000178295	GEN1	Gene Expression
ENSG00000143878	RHOB	Gene Expression
ENSG00000084674	APOB	Gene Expression
ENSG00000119772	DNMT3A	Gene Expression
ENSG00000143970	ASXL2	Gene Expression
ENSG00000115163	CENPA	Gene Expression
ENSG00000075426	FOSL2	Gene Expression
ENSG00000171094	ALK	Gene Expression
ENSG00000049323	LTBP1	Gene Expression
ENSG00000115904	SOS1	Gene Expression
ENSG00000143924	EML4	Gene Expression
ENSG00000152518	ZFP36L2	Gene Expression
ENSG00000116016	EPAS1	Gene Expression
ENSG00000119888	EPCAM	Gene Expression
ENSG00000095002	MSH2	Gene Expression
ENSG00000116062	MSH6	Gene Expression
ENSG00000115392	FANCL	Gene Expression
ENSG00000162924	REL	Gene Expression
ENSG00000082898	XPO1	Gene Expression
ENSG00000221823	PPP3R1	Gene Expression
ENSG00000196975	ANXA4	Gene Expression
ENSG00000169564	PCBP1	Gene Expression
ENSG00000114993	RTKN	Gene Expression
ENSG00000239779	WBP1	Gene Expression
ENSG00000152284	TCF7L1	Gene Expression
ENSG00000158050	DUSP2	Gene Expression
ENSG00000135956	TMEM127	Gene Expression
ENSG00000040933	INPP4A	Gene Expression
ENSG00000115590	IL1R2	Gene Expression
ENSG00000115594	IL1R1	Gene Expression
ENSG00000153201	RANBP2	Gene Expression
ENSG00000153094	BCL2L11	Gene Expression
ENSG00000115008	IL1A	Gene Expression
ENSG00000125538	IL1B	Gene Expression
ENSG00000125618	PAX8	Gene Expression
ENSG00000163083	INHBB	Gene Expression
ENSG00000163161	ERCC3	Gene Expression
ENSG00000144231	POLR2D	Gene Expression
ENSG00000121966	CXCR4	Gene Expression
ENSG00000168702	LRP1B	Gene Expression
ENSG00000121989	ACVR2A	Gene Expression
ENSG00000182389	CACNB4	Gene Expression
ENSG00000123612	ACVR1C	Gene Expression
ENSG00000115170	ACVR1	Gene Expression
ENSG00000115221	ITGB6	Gene Expression
ENSG00000081479	LRP2	Gene Expression
ENSG00000213160	KLHL23	Gene Expression
ENSG00000091409	ITGA6	Gene Expression
ENSG00000152256	PDK1	Gene Expression
ENSG00000091436	MAP3K20	Gene Expression
ENSG00000116044	NFE2L2	Gene Expression
ENSG00000168542	COL3A1	Gene Expression
ENSG00000204262	COL5A2	Gene Expression
ENSG00000064933	PMS1	Gene Expression
ENSG00000151689	INPP1	Gene Expression
ENSG00000115415	STAT1	Gene Expression
ENSG00000138378	STAT4	Gene Expression
ENSG00000115524	SF3B1	Gene Expression
ENSG00000003400	CASP10	Gene Expression
ENSG00000064012	CASP8	Gene Expression
ENSG00000155760	FZD7	Gene Expression
ENSG00000163599	CTLA4	Gene Expression
ENSG00000163600	ICOS	Gene Expression
ENSG00000138413	IDH1	Gene Expression
ENSG00000178568	ERBB4	Gene Expression
ENSG00000138376	BARD1	Gene Expression
ENSG00000115414	FN1	Gene Expression
ENSG00000018280	SLC11A1	Gene Expression
ENSG00000144580	CNOT9	Gene Expression
ENSG00000115596	WNT6	Gene Expression
ENSG00000135925	WNT10A	Gene Expression
ENSG00000123999	INHA	Gene Expression
ENSG00000135903	PAX3	Gene Expression
ENSG00000036257	CUL3	Gene Expression
ENSG00000169047	IRS1	Gene Expression
ENSG00000081052	COL4A4	Gene Expression
ENSG00000169031	COL4A3	Gene Expression
ENSG00000067066	SP100	Gene Expression
ENSG00000132323	ILKAP	Gene Expression
ENSG00000144485	HES6	Gene Expression
ENSG00000068024	HDAC4	Gene Expression
ENSG00000188542	DUSP28	Gene Expression
ENSG00000130294	KIF1A	Gene Expression
ENSG00000204099	NEU4	Gene Expression
ENSG00000188389	PDCD1	Gene Expression
ENSG00000091181	IL5RA	Gene Expression
ENSG00000144554	FANCD2	Gene Expression
ENSG00000134086	VHL	Gene Expression
ENSG00000134070	IRAK2	Gene Expression
ENSG00000132170	PPARG	Gene Expression
ENSG00000132155	RAF1	Gene Expression
ENSG00000163517	HDAC11	Gene Expression
ENSG00000154764	WNT7A	Gene Expression
ENSG00000114166	KAT2B	Gene Expression
ENSG00000163513	TGFBR2	Gene Expression
ENSG00000076242	MLH1	Gene Expression
ENSG00000144668	ITGA9	Gene Expression
ENSG00000172936	MYD88	Gene Expression
ENSG00000168036	CTNNB1	Gene Expression
ENSG00000008324	SS18L2	Gene Expression
ENSG00000181555	SETD2	Gene Expression
ENSG00000164045	CDC25A	Gene Expression
ENSG00000114302	PRKAR2A	Gene Expression
ENSG00000067560	RHOA	Gene Expression
ENSG00000173531	MST1	Gene Expression
ENSG00000164078	MST1R	Gene Expression
ENSG00000007402	CACNA2D2	Gene Expression
ENSG00000163930	BAP1	Gene Expression
ENSG00000163939	PBRM1	Gene Expression
ENSG00000157388	CACNA1D	Gene Expression
ENSG00000157445	CACNA2D3	Gene Expression
ENSG00000114251	WNT5A	Gene Expression
ENSG00000151276	MAGI1	Gene Expression
ENSG00000187098	MITF	Gene Expression
ENSG00000114861	FOXP1	Gene Expression
ENSG00000163602	RYBP	Gene Expression
ENSG00000144736	SHQ1	Gene Expression
ENSG00000044524	EPHA3	Gene Expression
ENSG00000144802	NFKBIZ	Gene Expression
ENSG00000144827	ABHD10	Gene Expression
ENSG00000181847	TIGIT	Gene Expression
ENSG00000181722	ZBTB20	Gene Expression
ENSG00000121594	CD80	Gene Expression
ENSG00000144837	PLA1A	Gene Expression
ENSG00000082701	GSK3B	Gene Expression
ENSG00000051341	POLQ	Gene Expression
ENSG00000114013	CD86	Gene Expression
ENSG00000121552	CSTA	Gene Expression
ENSG00000073111	MCM2	Gene Expression
ENSG00000179348	GATA2	Gene Expression
ENSG00000206384	COL6A6	Gene Expression
ENSG00000154928	EPHB1	Gene Expression
ENSG00000118007	STAG1	Gene Expression
ENSG00000174564	IL20RB	Gene Expression
ENSG00000051382	PIK3CB	Gene Expression
ENSG00000183770	FOXL2	Gene Expression
ENSG00000175093	SPSB4	Gene Expression
ENSG00000175054	ATR	Gene Expression
ENSG00000178053	MLF1	Gene Expression
ENSG00000168811	IL12A	Gene Expression
ENSG00000085276	MECOM	Gene Expression
ENSG00000270141	TERC	Gene Expression
ENSG00000163558	PRKCI	Gene Expression
ENSG00000075651	PLD1	Gene Expression
ENSG00000121858	TNFSF10	Gene Expression
ENSG00000177565	TBL1XR1	Gene Expression
ENSG00000121879	PIK3CA	Gene Expression
ENSG00000181449	SOX2	Gene Expression
ENSG00000043093	DCUN1D1	Gene Expression
ENSG00000172578	KLHL6	Gene Expression
ENSG00000175166	PSMD2	Gene Expression
ENSG00000163882	POLR2H	Gene Expression
ENSG00000073803	MAP3K13	Gene Expression
ENSG00000244405	ETV5	Gene Expression
ENSG00000156976	EIF4A2	Gene Expression
ENSG00000163918	RFC4	Gene Expression
ENSG00000113916	BCL6	Gene Expression
ENSG00000073282	TP63	Gene Expression
ENSG00000196083	IL1RAP	Gene Expression
ENSG00000114279	FGF12	Gene Expression
ENSG00000114315	HES1	Gene Expression
ENSG00000072274	TFRC	Gene Expression
ENSG00000068078	FGFR3	Gene Expression
ENSG00000109685	NSD2	Gene Expression
ENSG00000074211	PPP2R2C	Gene Expression
ENSG00000007062	PROM1	Gene Expression
ENSG00000145147	SLIT2	Gene Expression
ENSG00000109819	PPARGC1A	Gene Expression
ENSG00000109606	DHX15	Gene Expression
ENSG00000157765	SLC34A2	Gene Expression
ENSG00000250254	PTTG2	Gene Expression
ENSG00000035928	RFC1	Gene Expression
ENSG00000163694	RBM47	Gene Expression
ENSG00000163697	APBB2	Gene Expression
ENSG00000109132	PHOX2B	Gene Expression
ENSG00000109220	CHIC2	Gene Expression
ENSG00000134853	PDGFRA	Gene Expression
ENSG00000157404	KIT	Gene Expression
ENSG00000128052	KDR	Gene Expression
ENSG00000145242	EPHA5	Gene Expression
ENSG00000163631	ALB	Gene Expression
ENSG00000169429	CXCL8	Gene Expression
ENSG00000138675	FGF5	Gene Expression
ENSG00000163322	ABRAXAS1	Gene Expression
ENSG00000109339	MAPK10	Gene Expression
ENSG00000029559	IBSP	Gene Expression
ENSG00000118785	SPP1	Gene Expression
ENSG00000138696	BMPR1B	Gene Expression
ENSG00000151247	EIF4E	Gene Expression
ENSG00000138814	PPP3CA	Gene Expression
ENSG00000109320	NFKB1	Gene Expression
ENSG00000168772	CXXC4	Gene Expression
ENSG00000168769	TET2	Gene Expression
ENSG00000155011	DKK2	Gene Expression
ENSG00000164023	SGMS2	Gene Expression
ENSG00000138795	LEF1	Gene Expression
ENSG00000138798	EGF	Gene Expression
ENSG00000164093	PITX2	Gene Expression
ENSG00000073331	ALPK1	Gene Expression
ENSG00000145386	CCNA2	Gene Expression
ENSG00000138685	FGF2	Gene Expression
ENSG00000164056	SPRY1	Gene Expression
ENSG00000164136	IL15	Gene Expression
ENSG00000109452	INPP4B	Gene Expression
ENSG00000164161	HHIP	Gene Expression
ENSG00000109670	FBXW7	Gene Expression
ENSG00000137462	TLR2	Gene Expression
ENSG00000145423	SFRP2	Gene Expression
ENSG00000145431	PDGFC	Gene Expression
ENSG00000164120	HPGD	Gene Expression
ENSG00000150627	WDR17	Gene Expression
ENSG00000150630	VEGFC	Gene Expression
ENSG00000168310	IRF2	Gene Expression
ENSG00000164305	CASP3	Gene Expression
ENSG00000083857	FAT1	Gene Expression
ENSG00000073578	SDHA	Gene Expression
ENSG00000164362	TERT	Gene Expression
ENSG00000113494	PRLR	Gene Expression
ENSG00000168685	IL7R	Gene Expression
ENSG00000145604	SKP2	Gene Expression
ENSG00000164190	NIPBL	Gene Expression
ENSG00000113594	LIFR	Gene Expression
ENSG00000145623	OSMR	Gene Expression
ENSG00000164327	RICTOR	Gene Expression
ENSG00000112964	GHR	Gene Expression
ENSG00000070193	FGF10	Gene Expression
ENSG00000164171	ITGA2	Gene Expression
ENSG00000134363	FST	Gene Expression
ENSG00000113088	GZMK	Gene Expression
ENSG00000145649	GZMA	Gene Expression
ENSG00000164294	GPX8	Gene Expression
ENSG00000152669	CCNO	Gene Expression
ENSG00000134352	IL6ST	Gene Expression
ENSG00000095015	MAP3K1	Gene Expression
ENSG00000145632	PLK2	Gene Expression
ENSG00000145675	PIK3R1	Gene Expression
ENSG00000134057	CCNB1	Gene Expression
ENSG00000113296	THBS4	Gene Expression
ENSG00000113318	MSH3	Gene Expression
ENSG00000113319	RASGRF2	Gene Expression
ENSG00000152422	XRCC4	Gene Expression
ENSG00000145715	RASA1	Gene Expression
ENSG00000153113	CAST	Gene Expression
ENSG00000184349	EFNA5	Gene Expression
ENSG00000145777	TSLP	Gene Expression
ENSG00000134982	APC	Gene Expression
ENSG00000064692	SNCAIP	Gene Expression
ENSG00000164399	IL3	Gene Expression
ENSG00000164400	CSF2	Gene Expression
ENSG00000113522	RAD50	Gene Expression
ENSG00000169194	IL13	Gene Expression
ENSG00000113558	SKP1	Gene Expression
ENSG00000112983	BRD8	Gene Expression
ENSG00000158402	CDC25C	Gene Expression
ENSG00000044115	CTNNA1	Gene Expression
ENSG00000170458	CD14	Gene Expression
ENSG00000171720	HDAC3	Gene Expression
ENSG00000187678	SPRY4	Gene Expression
ENSG00000113578	FGF1	Gene Expression
ENSG00000156475	PPP2R2B	Gene Expression
ENSG00000113712	CSNK1A1	Gene Expression
ENSG00000182578	CSF1R	Gene Expression
ENSG00000113721	PDGFRB	Gene Expression
ENSG00000019582	CD74	Gene Expression
ENSG00000135077	HAVCR2	Gene Expression
ENSG00000113302	IL12B	Gene Expression
ENSG00000145863	GABRA6	Gene Expression
ENSG00000181163	NPM1	Gene Expression
ENSG00000156427	FGF18	Gene Expression
ENSG00000160883	HK3	Gene Expression
ENSG00000160867	FGFR4	Gene Expression
ENSG00000165671	NSD1	Gene Expression
ENSG00000183258	DDX41	Gene Expression
ENSG00000050748	MAPK9	Gene Expression
ENSG00000037280	FLT4	Gene Expression
ENSG00000131446	MGAT1	Gene Expression
ENSG00000137265	IRF4	Gene Expression
ENSG00000164379	FOXQ1	Gene Expression
ENSG00000153162	BMP6	Gene Expression
ENSG00000172201	ID4	Gene Expression
ENSG00000112242	E2F3	Gene Expression
ENSG00000172179	PRL	Gene Expression
ENSG00000275714	HIST1H3A	Gene Expression
ENSG00000286522	HIST1H3B	Gene Expression
ENSG00000287080	HIST1H3C	Gene Expression
ENSG00000187837	HIST1H1C	Gene Expression
ENSG00000168298	HIST1H1E	Gene Expression
ENSG00000158373	HIST1H2BD	Gene Expression
ENSG00000197409	HIST1H3D	Gene Expression
ENSG00000274750	HIST1H3E	Gene Expression
ENSG00000277775	HIST1H3F	Gene Expression
ENSG00000273983	HIST1H3G	Gene Expression
ENSG00000278828	HIST1H3H	Gene Expression
ENSG00000275379	HIST1H3I	Gene Expression
ENSG00000197153	HIST1H3J	Gene Expression
ENSG00000206503	HLA-A	Gene Expression
ENSG00000137337	MDC1	Gene Expression
ENSG00000204525	HLA-C	Gene Expression
ENSG00000234745	HLA-B	Gene Expression
ENSG00000232810	TNF	Gene Expression
ENSG00000204389	HSPA1A	Gene Expression
ENSG00000243649	CFB	Gene Expression
ENSG00000204301	NOTCH4	Gene Expression
ENSG00000204287	HLA-DRA	Gene Expression
ENSG00000204248	COL11A2	Gene Expression
ENSG00000204209	DAXX	Gene Expression
ENSG00000161904	LEMD2	Gene Expression
ENSG00000137309	HMGA1	Gene Expression
ENSG00000112039	FANCE	Gene Expression
ENSG00000010030	ETV7	Gene Expression
ENSG00000124762	CDKN1A	Gene Expression
ENSG00000137193	PIM1	Gene Expression
ENSG00000112576	CCND3	Gene Expression
ENSG00000171611	PTCRA	Gene Expression
ENSG00000124702	KLHDC3	Gene Expression
ENSG00000112715	VEGFA	Gene Expression
ENSG00000198087	CD2AP	Gene Expression
ENSG00000112175	BMP5	Gene Expression
ENSG00000156535	CD109	Gene Expression
ENSG00000112742	TTK	Gene Expression
ENSG00000146278	PNRC1	Gene Expression
ENSG00000135333	EPHA7	Gene Expression
ENSG00000057657	PRDM1	Gene Expression
ENSG00000135535	CD164	Gene Expression
ENSG00000010810	FYN	Gene Expression
ENSG00000112761	CCN6	Gene Expression
ENSG00000196591	HDAC2	Gene Expression
ENSG00000047936	ROS1	Gene Expression
ENSG00000118513	MYB	Gene Expression
ENSG00000197442	MAP3K5	Gene Expression
ENSG00000016402	IL20RA	Gene Expression
ENSG00000164485	IL22RA2	Gene Expression
ENSG00000027697	IFNGR1	Gene Expression
ENSG00000118503	TNFAIP3	Gene Expression
ENSG00000131023	LATS1	Gene Expression
ENSG00000181472	ZBTB2	Gene Expression
ENSG00000091831	ESR1	Gene Expression
ENSG00000049618	ARID1B	Gene Expression
ENSG00000130340	SNX9	Gene Expression
ENSG00000085511	MAP3K4	Gene Expression
ENSG00000185345	PRKN	Gene Expression
ENSG00000112531	QKI	Gene Expression
ENSG00000130396	AFDN	Gene Expression
ENSG00000198719	DLL1	Gene Expression
ENSG00000177706	FAM20C	Gene Expression
ENSG00000197461	PDGFA	Gene Expression
ENSG00000188191	PRKAR1B	Gene Expression
ENSG00000164853	UNCX	Gene Expression
ENSG00000106003	LFNG	Gene Expression
ENSG00000198286	CARD11	Gene Expression
ENSG00000122512	PMS2	Gene Expression
ENSG00000136238	RAC1	Gene Expression
ENSG00000106399	RPA3	Gene Expression
ENSG00000106415	GLCCI1	Gene Expression
ENSG00000006468	ETV1	Gene Expression
ENSG00000105855	ITGB8	Gene Expression
ENSG00000136244	IL6	Gene Expression
ENSG00000136243	NUP42	Gene Expression
ENSG00000078399	HOXA9	Gene Expression
ENSG00000253293	HOXA10	Gene Expression
ENSG00000005073	HOXA11	Gene Expression
ENSG00000146592	CREB5	Gene Expression
ENSG00000106483	SFRP4	Gene Expression
ENSG00000122641	INHBA	Gene Expression
ENSG00000106571	GLI3	Gene Expression
ENSG00000058404	CAMK2B	Gene Expression
ENSG00000146674	IGFBP3	Gene Expression
ENSG00000185811	IKZF1	Gene Expression
ENSG00000146648	EGFR	Gene Expression
ENSG00000188763	FZD9	Gene Expression
ENSG00000263001	GTF2I	Gene Expression
ENSG00000106211	HSPB1	Gene Expression
ENSG00000187391	MAGI2	Gene Expression
ENSG00000019991	HGF	Gene Expression
ENSG00000153956	CACNA2D1	Gene Expression
ENSG00000198822	GRM3	Gene Expression
ENSG00000105810	CDK6	Gene Expression
ENSG00000127928	GNGT1	Gene Expression
ENSG00000164692	COL1A2	Gene Expression
ENSG00000166508	MCM7	Gene Expression
ENSG00000213420	GPC2	Gene Expression
ENSG00000130427	EPO	Gene Expression
ENSG00000169871	TRIM56	Gene Expression
ENSG00000257923	CUX1	Gene Expression
ENSG00000005075	POLR2J	Gene Expression
ENSG00000105808	RASA4	Gene Expression
ENSG00000189056	RELN	Gene Expression
ENSG00000008282	SYPL1	Gene Expression
ENSG00000105851	PIK3CG	Gene Expression
ENSG00000005249	PRKAR2B	Gene Expression
ENSG00000091128	LAMB4	Gene Expression
ENSG00000105976	MET	Gene Expression
ENSG00000105989	WNT2	Gene Expression
ENSG00000002745	WNT16	Gene Expression
ENSG00000174697	LEP	Gene Expression
ENSG00000128591	FLNC	Gene Expression
ENSG00000128602	SMO	Gene Expression
ENSG00000157764	BRAF	Gene Expression
ENSG00000106123	EPHB6	Gene Expression
ENSG00000197993	KEL	Gene Expression
ENSG00000055130	CUL1	Gene Expression
ENSG00000106462	EZH2	Gene Expression
ENSG00000164867	NOS3	Gene Expression
ENSG00000106615	RHEB	Gene Expression
ENSG00000055609	KMT2C	Gene Expression
ENSG00000196584	XRCC2	Gene Expression
ENSG00000253958	CLDN23	Gene Expression
ENSG00000136574	GATA4	Gene Expression
ENSG00000164733	CTSB	Gene Expression
ENSG00000078579	FGF20	Gene Expression
ENSG00000158806	NPM2	Gene Expression
ENSG00000158815	FGF17	Gene Expression
ENSG00000104635	SLC39A14	Gene Expression
ENSG00000120910	PPP3CC	Gene Expression
ENSG00000179388	EGR3	Gene Expression
ENSG00000120889	TNFRSF10B	Gene Expression
ENSG00000173535	TNFRSF10C	Gene Expression
ENSG00000173530	TNFRSF10D	Gene Expression
ENSG00000104689	TNFRSF10A	Gene Expression
ENSG00000167034	NKX3-1	Gene Expression
ENSG00000221914	PPP2R2A	Gene Expression
ENSG00000104290	FZD3	Gene Expression
ENSG00000120875	DUSP4	Gene Expression
ENSG00000104695	PPP2CB	Gene Expression
ENSG00000157168	NRG1	Gene Expression
ENSG00000183779	ZNF703	Gene Expression
ENSG00000020181	ADGRA2	Gene Expression
ENSG00000187840	EIF4EBP1	Gene Expression
ENSG00000147548	NSD3	Gene Expression
ENSG00000077782	FGFR1	Gene Expression
ENSG00000104332	SFRP1	Gene Expression
ENSG00000083168	KAT6A	Gene Expression
ENSG00000104368	PLAT	Gene Expression
ENSG00000104365	IKBKB	Gene Expression
ENSG00000070501	POLB	Gene Expression
ENSG00000104371	DKK4	Gene Expression
ENSG00000221869	CEBPD	Gene Expression
ENSG00000253729	PRKDC	Gene Expression
ENSG00000104738	MCM4	Gene Expression
ENSG00000164736	SOX17	Gene Expression
ENSG00000254087	LYN	Gene Expression
ENSG00000046889	PREX2	Gene Expression
ENSG00000104313	EYA1	Gene Expression
ENSG00000154582	ELOC	Gene Expression
ENSG00000104432	IL7	Gene Expression
ENSG00000133740	E2F5	Gene Expression
ENSG00000176571	CNBD1	Gene Expression
ENSG00000104320	NBN	Gene Expression
ENSG00000079102	RUNX1T1	Gene Expression
ENSG00000175305	CCNE2	Gene Expression
ENSG00000156466	GDF6	Gene Expression
ENSG00000169439	SDC2	Gene Expression
ENSG00000154188	ANGPT1	Gene Expression
ENSG00000164754	RAD21	Gene Expression
ENSG00000136997	MYC	Gene Expression
ENSG00000181790	ADGRB1	Gene Expression
ENSG00000160957	RECQL4	Gene Expression
ENSG00000096968	JAK2	Gene Expression
ENSG00000120217	CD274	Gene Expression
ENSG00000197646	PDCD1LG2	Gene Expression
ENSG00000153707	PTPRD	Gene Expression
ENSG00000164985	PSIP1	Gene Expression
ENSG00000171843	MLLT3	Gene Expression
ENSG00000214042	IFNA7	Gene Expression
ENSG00000234829	IFNA17	Gene Expression
ENSG00000188379	IFNA2	Gene Expression
ENSG00000147889	CDKN2A	Gene Expression
ENSG00000147883	CDKN2B	Gene Expression
ENSG00000122756	CNTFR	Gene Expression
ENSG00000137070	IL11RA	Gene Expression
ENSG00000221829	FANCG	Gene Expression
ENSG00000196092	PAX5	Gene Expression
ENSG00000165059	PRKACG	Gene Expression
ENSG00000187210	GCNT1	Gene Expression
ENSG00000156052	GNAQ	Gene Expression
ENSG00000165119	HNRNPK	Gene Expression
ENSG00000148053	NTRK2	Gene Expression
ENSG00000180447	GAS1	Gene Expression
ENSG00000148082	SHC3	Gene Expression
ENSG00000130222	GADD45G	Gene Expression
ENSG00000165025	SYK	Gene Expression
ENSG00000158079	PTPDC1	Gene Expression
ENSG00000158169	FANCC	Gene Expression
ENSG00000185920	PTCH1	Gene Expression
ENSG00000081377	CDC14B	Gene Expression
ENSG00000081386	ZNF510	Gene Expression
ENSG00000136936	XPA	Gene Expression
ENSG00000106799	TGFBR1	Gene Expression
ENSG00000119508	NR4A3	Gene Expression
ENSG00000188386	PPP3R2	Gene Expression
ENSG00000136826	KLF4	Gene Expression
ENSG00000196739	COL27A1	Gene Expression
ENSG00000041982	TNC	Gene Expression
ENSG00000136869	TLR4	Gene Expression
ENSG00000148175	STOM	Gene Expression
ENSG00000119414	PPP6C	Gene Expression
ENSG00000167081	PBX3	Gene Expression
ENSG00000197694	SPTAN1	Gene Expression
ENSG00000167136	ENDOG	Gene Expression
ENSG00000097007	ABL1	Gene Expression
ENSG00000050555	LAMC3	Gene Expression
ENSG00000165699	TSC1	Gene Expression
ENSG00000186350	RXRA	Gene Expression
ENSG00000130635	COL5A1	Gene Expression
ENSG00000148400	NOTCH1	Gene Expression
ENSG00000172889	EGFL7	Gene Expression
ENSG00000127191	TRAF2	Gene Expression
ENSG00000186193	SAPCD2	Gene Expression
ENSG00000176884	GRIN1	Gene Expression
ENSG00000178372	CALML5	Gene Expression
ENSG00000178363	CALML3	Gene Expression
ENSG00000134460	IL2RA	Gene Expression
ENSG00000107485	GATA3	Gene Expression
ENSG00000152455	SUV39H2	Gene Expression
ENSG00000077943	ITGA8	Gene Expression
ENSG00000165995	CACNB2	Gene Expression
ENSG00000148444	COMMD3	Gene Expression
ENSG00000107890	ANKRD26	Gene Expression
ENSG00000095739	BAMBI	Gene Expression
ENSG00000107968	MAP3K8	Gene Expression
ENSG00000170759	KIF5B	Gene Expression
ENSG00000177283	FZD8	Gene Expression
ENSG00000165731	RET	Gene Expression
ENSG00000107643	MAPK8	Gene Expression
ENSG00000225830	ERCC6	Gene Expression
ENSG00000107984	DKK1	Gene Expression
ENSG00000150347	ARID5B	Gene Expression
ENSG00000138336	TET1	Gene Expression
ENSG00000156574	NODAL	Gene Expression
ENSG00000168209	DDIT4	Gene Expression
ENSG00000107758	PPP3CB	Gene Expression
ENSG00000122861	PLAU	Gene Expression
ENSG00000107779	BMPR1A	Gene Expression
ENSG00000171862	PTEN	Gene Expression
ENSG00000026103	FAS	Gene Expression
ENSG00000152804	HHEX	Gene Expression
ENSG00000138119	MYOF	Gene Expression
ENSG00000138193	PLCE1	Gene Expression
ENSG00000119969	HELLS	Gene Expression
ENSG00000165841	CYP2C19	Gene Expression
ENSG00000213341	CHUK	Gene Expression
ENSG00000107807	TLX1	Gene Expression
ENSG00000107831	FGF8	Gene Expression
ENSG00000107882	SUFU	Gene Expression
ENSG00000138166	DUSP5	Gene Expression
ENSG00000108055	SMC3	Gene Expression
ENSG00000148737	TCF7L2	Gene Expression
ENSG00000165806	CASP7	Gene Expression
ENSG00000066468	FGFR2	Gene Expression
ENSG00000170430	MGMT	Gene Expression
ENSG00000176171	BNIP3	Gene Expression
ENSG00000197177	ADGRA1	Gene Expression
ENSG00000174775	HRAS	Gene Expression
ENSG00000184956	MUC6	Gene Expression
ENSG00000174672	BRSK2	Gene Expression
ENSG00000184545	DUSP8	Gene Expression
ENSG00000167244	IGF2	Gene Expression
ENSG00000129757	CDKN1C	Gene Expression
ENSG00000166407	LMO1	Gene Expression
ENSG00000166483	WEE1	Gene Expression
ENSG00000133818	RRAS2	Gene Expression
ENSG00000110693	SOX6	Gene Expression
ENSG00000129152	MYOD1	Gene Expression
ENSG00000110786	PTPN5	Gene Expression
ENSG00000183161	FANCF	Gene Expression
ENSG00000176697	BDNF	Gene Expression
ENSG00000184937	WT1	Gene Expression
ENSG00000166199	ALKBH3	Gene Expression
ENSG00000121653	MAPK8IP1	Gene Expression
ENSG00000157613	CREB3L1	Gene Expression
ENSG00000134574	DDB2	Gene Expression
ENSG00000198561	CTNND1	Gene Expression
ENSG00000110042	DTX4	Gene Expression
ENSG00000167985	SDHAF2	Gene Expression
ENSG00000168496	FEN1	Gene Expression
ENSG00000167771	RCOR2	Gene Expression
ENSG00000002330	BAD	Gene Expression
ENSG00000162302	RPS6KA4	Gene Expression
ENSG00000068831	RASGRP2	Gene Expression
ENSG00000168066	SF1	Gene Expression
ENSG00000133895	MEN1	Gene Expression
ENSG00000173039	RELA	Gene Expression
ENSG00000175592	FOSL1	Gene Expression
ENSG00000174791	RIN1	Gene Expression
ENSG00000175482	POLD4	Gene Expression
ENSG00000175505	CLCF1	Gene Expression
ENSG00000175634	RPS6KB2	Gene Expression
ENSG00000110092	CCND1	Gene Expression
ENSG00000162344	FGF19	Gene Expression
ENSG00000075388	FGF4	Gene Expression
ENSG00000186895	FGF3	Gene Expression
ENSG00000165458	INPPL1	Gene Expression
ENSG00000175581	MRPL48	Gene Expression
ENSG00000085741	WNT11	Gene Expression
ENSG00000158636	EMSY	Gene Expression
ENSG00000149269	PAK1	Gene Expression
ENSG00000165490	DDIAS	Gene Expression
ENSG00000074266	EED	Gene Expression
ENSG00000020922	MRE11	Gene Expression
ENSG00000184384	MAML2	Gene Expression
ENSG00000082175	PGR	Gene Expression
ENSG00000137693	YAP1	Gene Expression
ENSG00000023445	BIRC3	Gene Expression
ENSG00000137673	MMP7	Gene Expression
ENSG00000149968	MMP3	Gene Expression
ENSG00000170962	PDGFD	Gene Expression
ENSG00000149311	ATM	Gene Expression
ENSG00000204370	SDHD	Gene Expression
ENSG00000109906	ZBTB16	Gene Expression
ENSG00000118058	KMT2A	Gene Expression
ENSG00000188486	H2AFX	Gene Expression
ENSG00000110395	CBL	Gene Expression
ENSG00000149554	CHEK1	Gene Expression
ENSG00000134954	ETS1	Gene Expression
ENSG00000151702	FLI1	Gene Expression
ENSG00000073614	KDM5A	Gene Expression
ENSG00000002016	RAD52	Gene Expression
ENSG00000111186	WNT5B	Gene Expression
ENSG00000151062	CACNA2D4	Gene Expression
ENSG00000151067	CACNA1C	Gene Expression
ENSG00000111218	PRMT8	Gene Expression
ENSG00000118971	CCND2	Gene Expression
ENSG00000118972	FGF23	Gene Expression
ENSG00000111241	FGF6	Gene Expression
ENSG00000185652	NTF3	Gene Expression
ENSG00000111642	CHD4	Gene Expression
ENSG00000126746	ZNF384	Gene Expression
ENSG00000089692	LAG3	Gene Expression
ENSG00000159403	C1R	Gene Expression
ENSG00000139083	ETV6	Gene Expression
ENSG00000111276	CDKN1B	Gene Expression
ENSG00000273079	GRIN2B	Gene Expression
ENSG00000171681	ATF7IP	Gene Expression
ENSG00000139144	PIK3C2G	Gene Expression
ENSG00000133703	KRAS	Gene Expression
ENSG00000188906	LRRK2	Gene Expression
ENSG00000189079	ARID2	Gene Expression
ENSG00000139219	COL2A1	Gene Expression
ENSG00000167535	CACNB3	Gene Expression
ENSG00000169884	WNT10B	Gene Expression
ENSG00000167548	KMT2D	Gene Expression
ENSG00000066117	SMARCD1	Gene Expression
ENSG00000135503	ACVR1B	Gene Expression
ENSG00000123358	NR4A1	Gene Expression
ENSG00000139626	ITGB7	Gene Expression
ENSG00000185591	SP1	Gene Expression
ENSG00000139625	MAP3K12	Gene Expression
ENSG00000135424	ITGA7	Gene Expression
ENSG00000123374	CDK2	Gene Expression
ENSG00000065361	ERBB3	Gene Expression
ENSG00000110944	IL23A	Gene Expression
ENSG00000166886	NAB2	Gene Expression
ENSG00000111087	GLI1	Gene Expression
ENSG00000175197	DDIT3	Gene Expression
ENSG00000178498	DTX3	Gene Expression
ENSG00000135446	CDK4	Gene Expression
ENSG00000156076	WIF1	Gene Expression
ENSG00000149948	HMGA2	Gene Expression
ENSG00000090376	IRAK3	Gene Expression
ENSG00000111537	IFNG	Gene Expression
ENSG00000135679	MDM2	Gene Expression
ENSG00000166225	FRS2	Gene Expression
ENSG00000153233	PTPRR	Gene Expression
ENSG00000067798	NAV3	Gene Expression
ENSG00000049130	KITLG	Gene Expression
ENSG00000139318	DUSP6	Gene Expression
ENSG00000133639	BTG1	Gene Expression
ENSG00000120833	SOCS2	Gene Expression
ENSG00000017427	IGF1	Gene Expression
ENSG00000139352	ASCL1	Gene Expression
ENSG00000166598	HSP90B1	Gene Expression
ENSG00000189046	ALKBH2	Gene Expression
ENSG00000204856	FAM216A	Gene Expression
ENSG00000111252	SH2B3	Gene Expression
ENSG00000179295	PTPN11	Gene Expression
ENSG00000135144	DTX1	Gene Expression
ENSG00000111344	RASAL1	Gene Expression
ENSG00000135111	TBX3	Gene Expression
ENSG00000111737	RAB35	Gene Expression
ENSG00000089163	SIRT4	Gene Expression
ENSG00000135100	HNF1A	Gene Expression
ENSG00000089053	ANAPC5	Gene Expression
ENSG00000110987	BCL7A	Gene Expression
ENSG00000130779	CLIP1	Gene Expression
ENSG00000111358	GTF2H3	Gene Expression
ENSG00000111432	FZD10	Gene Expression
ENSG00000177084	POLE	Gene Expression
ENSG00000121741	ZMYM2	Gene Expression
ENSG00000150457	LATS2	Gene Expression
ENSG00000102678	FGF9	Gene Expression
ENSG00000132964	CDK8	Gene Expression
ENSG00000122025	FLT3	Gene Expression
ENSG00000102755	FLT1	Gene Expression
ENSG00000139618	BRCA2	Gene Expression
ENSG00000083642	PDS5B	Gene Expression
ENSG00000133119	RFC3	Gene Expression
ENSG00000133101	CCNA1	Gene Expression
ENSG00000120693	SMAD9	Gene Expression
ENSG00000150907	FOXO1	Gene Expression
ENSG00000139687	RB1	Gene Expression
ENSG00000152207	CYSLTR2	Gene Expression
ENSG00000276644	DACH1	Gene Expression
ENSG00000083520	DIS3	Gene Expression
ENSG00000102554	KLF5	Gene Expression
ENSG00000118922	KLF12	Gene Expression
ENSG00000178695	KCTD12	Gene Expression
ENSG00000136158	SPRY2	Gene Expression
ENSG00000043355	ZIC2	Gene Expression
ENSG00000102466	FGF14	Gene Expression
ENSG00000134899	ERCC5	Gene Expression
ENSG00000174405	LIG4	Gene Expression
ENSG00000185950	IRS2	Gene Expression
ENSG00000102606	ARHGEF7	Gene Expression
ENSG00000185896	LAMP1	Gene Expression
ENSG00000150401	DCUN1D2	Gene Expression
ENSG00000198176	TFDP1	Gene Expression
ENSG00000129484	PARP2	Gene Expression
ENSG00000100888	CHD8	Gene Expression
ENSG00000197324	LRP10	Gene Expression
ENSG00000129474	AJUBA	Gene Expression
ENSG00000092067	CEBPE	Gene Expression
ENSG00000129473	BCL2L2	Gene Expression
ENSG00000100450	GZMH	Gene Expression
ENSG00000100453	GZMB	Gene Expression
ENSG00000139910	NOVA1	Gene Expression
ENSG00000100906	NFKBIA	Gene Expression
ENSG00000136352	NKX2-1	Gene Expression
ENSG00000129514	FOXA1	Gene Expression
ENSG00000100479	POLE2	Gene Expression
ENSG00000100485	SOS2	Gene Expression
ENSG00000100504	PYGL	Gene Expression
ENSG00000125378	BMP4	Gene Expression
ENSG00000126778	SIX1	Gene Expression
ENSG00000020426	MNAT1	Gene Expression
ENSG00000126803	HSPA2	Gene Expression
ENSG00000125952	MAX	Gene Expression
ENSG00000033170	FUT8	Gene Expression
ENSG00000182185	RAD51B	Gene Expression
ENSG00000185650	ZFP36L1	Gene Expression
ENSG00000072110	ACTN1	Gene Expression
ENSG00000119630	PGF	Gene Expression
ENSG00000170345	FOS	Gene Expression
ENSG00000156127	BATF	Gene Expression
ENSG00000119699	TGFB3	Gene Expression
ENSG00000177108	ZDHHC22	Gene Expression
ENSG00000165409	TSHR	Gene Expression
ENSG00000100784	RPS6KA5	Gene Expression
ENSG00000066427	ATXN3	Gene Expression
ENSG00000100697	DICER1	Gene Expression
ENSG00000213231	TCL1B	Gene Expression
ENSG00000131323	TRAF3	Gene Expression
ENSG00000142208	AKT1	Gene Expression
ENSG00000184916	JAG2	Gene Expression
ENSG00000166923	GREM1	Gene Expression
ENSG00000184507	NUTM1	Gene Expression
ENSG00000172575	RASGRP1	Gene Expression
ENSG00000137801	THBS1	Gene Expression
ENSG00000051180	RAD51	Gene Expression
ENSG00000128917	DLL4	Gene Expression
ENSG00000174197	MGA	Gene Expression
ENSG00000188089	PLA2G4E	Gene Expression
ENSG00000168907	PLA2G4F	Gene Expression
ENSG00000166710	B2M	Gene Expression
ENSG00000104177	MYEF2	Gene Expression
ENSG00000185634	SHC4	Gene Expression
ENSG00000140285	FGF7	Gene Expression
ENSG00000069974	RAB27A	Gene Expression
ENSG00000140262	TCF12	Gene Expression
ENSG00000157450	RNF111	Gene Expression
ENSG00000182718	ANXA2	Gene Expression
ENSG00000138613	APH1B	Gene Expression
ENSG00000169032	MAP2K1	Gene Expression
ENSG00000166949	SMAD3	Gene Expression
ENSG00000103855	CD276	Gene Expression
ENSG00000140464	PML	Gene Expression
ENSG00000169375	SIN3A	Gene Expression
ENSG00000169783	LINGO1	Gene Expression
ENSG00000058335	RASGRF1	Gene Expression
ENSG00000140379	BCL2A1	Gene Expression
ENSG00000172379	ARNT2	Gene Expression
ENSG00000140538	NTRK3	Gene Expression
ENSG00000140525	FANCI	Gene Expression
ENSG00000182054	IDH2	Gene Expression
ENSG00000140575	IQGAP1	Gene Expression
ENSG00000197299	BLM	Gene Expression
ENSG00000182511	FES	Gene Expression
ENSG00000173575	CHD2	Gene Expression
ENSG00000140443	IGF1R	Gene Expression
ENSG00000103126	AXIN1	Gene Expression
ENSG00000005513	SOX8	Gene Expression
ENSG00000196557	CACNA1H	Gene Expression
ENSG00000007516	BAIAP3	Gene Expression
ENSG00000065057	NTHL1	Gene Expression
ENSG00000103197	TSC2	Gene Expression
ENSG00000131653	TRAF7	Gene Expression
ENSG00000140992	PDPK1	Gene Expression
ENSG00000127564	PKMYT1	Gene Expression
ENSG00000188827	SLX4	Gene Expression
ENSG00000005339	CREBBP	Gene Expression
ENSG00000217930	PAM16	Gene Expression
ENSG00000183454	GRIN2A	Gene Expression
ENSG00000185338	SOCS1	Gene Expression
ENSG00000175595	ERCC4	Gene Expression
ENSG00000069764	PLA2G10	Gene Expression
ENSG00000083093	PALB2	Gene Expression
ENSG00000166501	PRKCB	Gene Expression
ENSG00000188322	SBK1	Gene Expression
ENSG00000176046	NUPR1	Gene Expression
ENSG00000177455	CD19	Gene Expression
ENSG00000213658	LAT	Gene Expression
ENSG00000102882	MAPK3	Gene Expression
ENSG00000099377	HSD3B7	Gene Expression
ENSG00000052344	PRSS8	Gene Expression
ENSG00000166164	BRD7	Gene Expression
ENSG00000140807	NKD1	Gene Expression
ENSG00000083799	CYLD	Gene Expression
ENSG00000103460	TOX3	Gene Expression
ENSG00000102900	NUP93	Gene Expression
ENSG00000067955	CBFB	Gene Expression
ENSG00000102974	CTCF	Gene Expression
ENSG00000039068	CDH1	Gene Expression
ENSG00000140836	ZFHX3	Gene Expression
ENSG00000197943	PLCG2	Gene Expression
ENSG00000167522	ANKRD11	Gene Expression
ENSG00000187741	FANCA	Gene Expression
ENSG00000108518	PFN1	Gene Expression
ENSG00000129197	RPAIN	Gene Expression
ENSG00000132522	GPS2	Gene Expression
ENSG00000161958	FGF11	Gene Expression
ENSG00000239697	TNFSF12	Gene Expression
ENSG00000161955	TNFSF13	Gene Expression
ENSG00000141510	TP53	Gene Expression
ENSG00000170004	CHD3	Gene Expression
ENSG00000179477	ALOX12B	Gene Expression
ENSG00000178999	AURKB	Gene Expression
ENSG00000141506	PIK3R5	Gene Expression
ENSG00000065559	MAP2K4	Gene Expression
ENSG00000141027	NCOR1	Gene Expression
ENSG00000154803	FLCN	Gene Expression
ENSG00000141034	GID4	Gene Expression
ENSG00000196712	NF1	Gene Expression
ENSG00000178691	SUZ12	Gene Expression
ENSG00000185379	RAD51D	Gene Expression
ENSG00000167258	CDK12	Gene Expression
ENSG00000141736	ERBB2	Gene Expression
ENSG00000108342	CSF3	Gene Expression
ENSG00000094804	CDC6	Gene Expression
ENSG00000131759	RARA	Gene Expression
ENSG00000131747	TOP2A	Gene Expression
ENSG00000126353	CCR7	Gene Expression
ENSG00000213424	KRT222	Gene Expression
ENSG00000173757	STAT5B	Gene Expression
ENSG00000126561	STAT5A	Gene Expression
ENSG00000168610	STAT3	Gene Expression
ENSG00000177469	CAVIN1	Gene Expression
ENSG00000012048	BRCA1	Gene Expression
ENSG00000175832	ETV4	Gene Expression
ENSG00000167941	SOST	Gene Expression
ENSG00000108840	HDAC5	Gene Expression
ENSG00000180340	FZD2	Gene Expression
ENSG00000006062	MAP3K14	Gene Expression
ENSG00000186868	MAPT	Gene Expression
ENSG00000120071	KANSL1	Gene Expression
ENSG00000108379	WNT3	Gene Expression
ENSG00000259207	ITGB3	Gene Expression
ENSG00000159184	HOXB13	Gene Expression
ENSG00000064300	NGFR	Gene Expression
ENSG00000121067	SPOP	Gene Expression
ENSG00000005884	ITGA3	Gene Expression
ENSG00000108821	COL1A1	Gene Expression
ENSG00000136457	CHAD	Gene Expression
ENSG00000006283	CACNA1G	Gene Expression
ENSG00000183691	NOG	Gene Expression
ENSG00000005381	MPO	Gene Expression
ENSG00000108375	RNF43	Gene Expression
ENSG00000108384	RAD51C	Gene Expression
ENSG00000108443	RPS6KB1	Gene Expression
ENSG00000170836	PPM1D	Gene Expression
ENSG00000136492	BRIP1	Gene Expression
ENSG00000007312	CD79B	Gene Expression
ENSG00000120063	GNA13	Gene Expression
ENSG00000168646	AXIN2	Gene Expression
ENSG00000154229	PRKCA	Gene Expression
ENSG00000075461	CACNG4	Gene Expression
ENSG00000108878	CACNG1	Gene Expression
ENSG00000070540	WIPI1	Gene Expression
ENSG00000108946	PRKAR1A	Gene Expression
ENSG00000108984	MAP2K6	Gene Expression
ENSG00000125398	SOX9	Gene Expression
ENSG00000177885	GRB2	Gene Expression
ENSG00000132470	ITGB4	Gene Expression
ENSG00000161547	SRSF2	Gene Expression
ENSG00000184557	SOCS3	Gene Expression
ENSG00000141564	RPTOR	Gene Expression
ENSG00000169750	RAC3	Gene Expression
ENSG00000141579	ZNF750	Gene Expression
ENSG00000176105	YES1	Gene Expression
ENSG00000177426	TGIF1	Gene Expression
ENSG00000101680	LAMA1	Gene Expression
ENSG00000175322	ZNF519	Gene Expression
ENSG00000141448	GATA6	Gene Expression
ENSG00000053747	LAMA3	Gene Expression
ENSG00000078142	PIK3C3	Gene Expression
ENSG00000152217	SETBP1	Gene Expression
ENSG00000175387	SMAD2	Gene Expression
ENSG00000141646	SMAD4	Gene Expression
ENSG00000172175	MALT1	Gene Expression
ENSG00000141682	PMAIP1	Gene Expression
ENSG00000171791	BCL2	Gene Expression
ENSG00000131196	NFATC1	Gene Expression
ENSG00000129946	SHC2	Gene Expression
ENSG00000197540	GZMM	Gene Expression
ENSG00000099821	POLRMT	Gene Expression
ENSG00000070388	FGF22	Gene Expression
ENSG00000118046	STK11	Gene Expression
ENSG00000099617	EFNA2	Gene Expression
ENSG00000071626	DAZAP1	Gene Expression
ENSG00000071564	TCF3	Gene Expression
ENSG00000104885	DOT1L	Gene Expression
ENSG00000104899	AMH	Gene Expression
ENSG00000099860	GADD45B	Gene Expression
ENSG00000176533	GNG7	Gene Expression
ENSG00000088256	GNA11	Gene Expression
ENSG00000060558	GNA15	Gene Expression
ENSG00000178951	ZBTB7A	Gene Expression
ENSG00000126934	MAP2K2	Gene Expression
ENSG00000060566	CREB3L3	Gene Expression
ENSG00000105251	SHD	Gene Expression
ENSG00000105426	PTPRS	Gene Expression
ENSG00000125726	CD70	Gene Expression
ENSG00000171105	INSR	Gene Expression
ENSG00000130816	DNMT1	Gene Expression
ENSG00000105397	TYK2	Gene Expression
ENSG00000079999	KEAP1	Gene Expression
ENSG00000129355	CDKN2D	Gene Expression
ENSG00000127616	SMARCA4	Gene Expression
ENSG00000187266	EPOR	Gene Expression
ENSG00000179218	CALR	Gene Expression
ENSG00000141837	CACNA1A	Gene Expression
ENSG00000072062	PRKACA	Gene Expression
ENSG00000132002	DNAJB1	Gene Expression
ENSG00000074181	NOTCH3	Gene Expression
ENSG00000141867	BRD4	Gene Expression
ENSG00000105639	JAK3	Gene Expression
ENSG00000105647	PIK3R2	Gene Expression
ENSG00000175489	LRRC25	Gene Expression
ENSG00000105664	COMP	Gene Expression
ENSG00000213999	MEF2B	Gene Expression
ENSG00000172687	ZNF738	Gene Expression
ENSG00000105173	CCNE1	Gene Expression
ENSG00000131944	FAAP24	Gene Expression
ENSG00000245848	CEBPA	Gene Expression
ENSG00000011590	ZBTB32	Gene Expression
ENSG00000272333	KMT2B	Gene Expression
ENSG00000130402	ACTN4	Gene Expression
ENSG00000090932	DLL3	Gene Expression
ENSG00000105221	AKT2	Gene Expression
ENSG00000105245	NUMBL	Gene Expression
ENSG00000167601	AXL	Gene Expression
ENSG00000105329	TGFB1	Gene Expression
ENSG00000105369	CD79A	Gene Expression
ENSG00000079432	CIC	Gene Expression
ENSG00000011422	PLAUR	Gene Expression
ENSG00000142273	CBLC	Gene Expression
ENSG00000104884	ERCC2	Gene Expression
ENSG00000012061	ERCC1	Gene Expression
ENSG00000160007	ARHGAP35	Gene Expression
ENSG00000105327	BBC3	Gene Expression
ENSG00000197405	C5AR1	Gene Expression
ENSG00000105499	PLA2G4C	Gene Expression
ENSG00000142227	EMP3	Gene Expression
ENSG00000105464	GRIN2D	Gene Expression
ENSG00000105550	FGF21	Gene Expression
ENSG00000087088	BAX	Gene Expression
ENSG00000062822	POLD1	Gene Expression
ENSG00000129450	SIGLEC9	Gene Expression
ENSG00000105568	PPP2R1A	Gene Expression
ENSG00000126583	PRKCG	Gene Expression
ENSG00000105605	CACNG7	Gene Expression
ENSG00000130433	CACNG6	Gene Expression
ENSG00000095752	IL11	Gene Expression
ENSG00000215397	SCRT2	Gene Expression
ENSG00000101224	CDC25B	Gene Expression
ENSG00000132646	PCNA	Gene Expression
ENSG00000125845	BMP2	Gene Expression
ENSG00000182621	PLCB1	Gene Expression
ENSG00000101333	PLCB4	Gene Expression
ENSG00000101349	PAK5	Gene Expression
ENSG00000101384	JAG1	Gene Expression
ENSG00000125846	ZNF133	Gene Expression
ENSG00000125798	FOXA2	Gene Expression
ENSG00000125968	ID1	Gene Expression
ENSG00000171552	BCL2L1	Gene Expression
ENSG00000171456	ASXL1	Gene Expression
ENSG00000088305	DNMT3B	Gene Expression
ENSG00000101412	E2F1	Gene Expression
ENSG00000197122	SRC	Gene Expression
ENSG00000204103	MAFB	Gene Expression
ENSG00000198900	TOP1	Gene Expression
ENSG00000124181	PLCG1	Gene Expression
ENSG00000196090	PTPRT	Gene Expression
ENSG00000101049	SGK2	Gene Expression
ENSG00000100985	MMP9	Gene Expression
ENSG00000101017	CD40	Gene Expression
ENSG00000124151	NCOA3	Gene Expression
ENSG00000158470	B4GALT5	Gene Expression
ENSG00000172216	CEBPB	Gene Expression
ENSG00000171940	ZNF217	Gene Expression
ENSG00000087586	AURKA	Gene Expression
ENSG00000101144	BMP7	Gene Expression
ENSG00000124253	PCK1	Gene Expression
ENSG00000087460	GNAS	Gene Expression
ENSG00000130702	LAMA5	Gene Expression
ENSG00000101197	BIRC7	Gene Expression
ENSG00000101203	COL20A1	Gene Expression
ENSG00000101246	ARFRP1	Gene Expression
ENSG00000196132	MYT1	Gene Expression
ENSG00000156299	TIAM1	Gene Expression
ENSG00000156304	SCAF4	Gene Expression
ENSG00000205927	OLIG2	Gene Expression
ENSG00000184221	OLIG1	Gene Expression
ENSG00000159216	RUNX1	Gene Expression
ENSG00000157554	ERG	Gene Expression
ENSG00000157557	ETS2	Gene Expression
ENSG00000184012	TMPRSS2	Gene Expression
ENSG00000160201	U2AF1	Gene Expression
ENSG00000160223	ICOSLG	Gene Expression
ENSG00000015475	BID	Gene Expression
ENSG00000099942	CRKL	Gene Expression
ENSG00000099949	LZTR1	Gene Expression
ENSG00000100030	MAPK1	Gene Expression
ENSG00000186716	BCR	Gene Expression
ENSG00000099956	SMARCB1	Gene Expression
ENSG00000183765	CHEK2	Gene Expression
ENSG00000182944	EWSR1	Gene Expression
ENSG00000186575	NF2	Gene Expression
ENSG00000128342	LIF	Gene Expression
ENSG00000099985	OSM	Gene Expression
ENSG00000100078	PLA2G3	Gene Expression
ENSG00000100297	MCM5	Gene Expression
ENSG00000100345	MYH9	Gene Expression
ENSG00000100385	IL2RB	Gene Expression
ENSG00000128340	RAC2	Gene Expression
ENSG00000100060	MFNG	Gene Expression
ENSG00000100146	SOX10	Gene Expression
ENSG00000244509	APOBEC3C	Gene Expression
ENSG00000100311	PDGFB	Gene Expression
ENSG00000100387	RBX1	Gene Expression
ENSG00000100393	EP300	Gene Expression
ENSG00000077935	SMC1B	Gene Expression
ENSG00000188064	WNT7B	Gene Expression
ENSG00000100429	HDAC10	Gene Expression
ENSG00000188130	MAPK12	Gene Expression
ENSG00000196576	PLXNB2	Gene Expression
ENSG00000008735	MAPK8IP2	Gene Expression
ENSG00000205755	CRLF2	Gene Expression
ENSG00000185291	IL3RA	Gene Expression
ENSG00000183943	PRKX	Gene Expression
ENSG00000181544	FANCB	Gene Expression
ENSG00000165197	VEGFD	Gene Expression
ENSG00000169249	ZRSR2	Gene Expression
ENSG00000173674	EIF1AX	Gene Expression
ENSG00000177189	RPS6KA3	Gene Expression
ENSG00000198947	DMD	Gene Expression
ENSG00000165169	DYNLT3	Gene Expression
ENSG00000156298	TSPAN7	Gene Expression
ENSG00000183337	BCOR	Gene Expression
ENSG00000124486	USP9X	Gene Expression
ENSG00000215301	DDX3X	Gene Expression
ENSG00000147050	KDM6A	Gene Expression
ENSG00000182872	RBM10	Gene Expression
ENSG00000078061	ARAF	Gene Expression
ENSG00000102265	TIMP1	Gene Expression
ENSG00000126752	SSX1	Gene Expression
ENSG00000102145	GATA1	Gene Expression
ENSG00000094631	HDAC6	Gene Expression
ENSG00000068323	TFE3	Gene Expression
ENSG00000049768	FOXP3	Gene Expression
ENSG00000147082	CCNB3	Gene Expression
ENSG00000126012	KDM5C	Gene Expression
ENSG00000072501	SMC1A	Gene Expression
ENSG00000086758	HUWE1	Gene Expression
ENSG00000204271	SPIN3	Gene Expression
ENSG00000184675	AMER1	Gene Expression
ENSG00000147065	MSN	Gene Expression
ENSG00000169083	AR	Gene Expression
ENSG00000184481	FOXO4	Gene Expression
ENSG00000184634	MED12	Gene Expression
ENSG00000147130	ZMYM3	Gene Expression
ENSG00000147133	TAF1	Gene Expression
ENSG00000196468	FGF16	Gene Expression
ENSG00000085224	ATRX	Gene Expression
ENSG00000174016	TENT5D	Gene Expression
ENSG00000072133	RPS6KA6	Gene Expression
ENSG00000147180	ZNF711	Gene Expression
ENSG00000147202	DIAPH2	Gene Expression
ENSG00000010671	BTK	Gene Expression
ENSG00000158427	TMSB15B	Gene Expression
ENSG00000197565	COL4A6	Gene Expression
ENSG00000188153	COL4A5	Gene Expression
ENSG00000077264	PAK3	Gene Expression
ENSG00000077279	DCX	Gene Expression
ENSG00000123496	IL13RA2	Gene Expression
ENSG00000174460	ZCCHC12	Gene Expression
ENSG00000125675	GRIA3	Gene Expression
ENSG00000101966	XIAP	Gene Expression
ENSG00000101972	STAG2	Gene Expression
ENSG00000183918	SH2D1A	Gene Expression
ENSG00000102038	SMARCA1	Gene Expression
ENSG00000085185	BCORL1	Gene Expression
ENSG00000076716	GPC4	Gene Expression
ENSG00000156531	PHF6	Gene Expression
ENSG00000129682	FGF13	Gene Expression
ENSG00000196924	FLNA	Gene Expression
ENSG00000013563	DNASE1L1	Gene Expression
ENSG00000269335	IKBKG	Gene Expression
ENSG00000183878	UTY	Gene Expression
